file,name,complexity
c:/src/pylint-intervention/data/in_the_wild\versions/law/0c84e87b67bd42824d21e5dc870a013a2c772373/before/law_slash_contrib_slash_lsf_slash_workflow.py,LSFWorkflowProxy.create_job_file,11
c:/src/pylint-intervention/data/in_the_wild\versions/law/0c84e87b67bd42824d21e5dc870a013a2c772373/before/law_slash_contrib_slash_lsf_slash_workflow.py,LSFWorkflowProxy,5
c:/src/pylint-intervention/data/in_the_wild\versions/law/0c84e87b67bd42824d21e5dc870a013a2c772373/before/law_slash_contrib_slash_lsf_slash_workflow.py,LSFWorkflowProxy.destination_info,2
c:/src/pylint-intervention/data/in_the_wild\versions/law/0c84e87b67bd42824d21e5dc870a013a2c772373/before/law_slash_contrib_slash_lsf_slash_workflow.py,LSFWorkflow,2
c:/src/pylint-intervention/data/in_the_wild\versions/law/0c84e87b67bd42824d21e5dc870a013a2c772373/before/law_slash_contrib_slash_lsf_slash_workflow.py,LSFWorkflowProxy.create_job_manager,1
c:/src/pylint-intervention/data/in_the_wild\versions/law/0c84e87b67bd42824d21e5dc870a013a2c772373/before/law_slash_contrib_slash_lsf_slash_workflow.py,LSFWorkflowProxy.create_job_file_factory,1
c:/src/pylint-intervention/data/in_the_wild\versions/law/0c84e87b67bd42824d21e5dc870a013a2c772373/before/law_slash_contrib_slash_lsf_slash_workflow.py,LSFWorkflow.lsf_output_directory,1
c:/src/pylint-intervention/data/in_the_wild\versions/law/0c84e87b67bd42824d21e5dc870a013a2c772373/before/law_slash_contrib_slash_lsf_slash_workflow.py,LSFWorkflow.lsf_bootstrap_file,1
c:/src/pylint-intervention/data/in_the_wild\versions/law/0c84e87b67bd42824d21e5dc870a013a2c772373/before/law_slash_contrib_slash_lsf_slash_workflow.py,LSFWorkflow.lsf_wrapper_file,1
c:/src/pylint-intervention/data/in_the_wild\versions/law/0c84e87b67bd42824d21e5dc870a013a2c772373/before/law_slash_contrib_slash_lsf_slash_workflow.py,LSFWorkflow.lsf_stageout_file,1
c:/src/pylint-intervention/data/in_the_wild\versions/law/0c84e87b67bd42824d21e5dc870a013a2c772373/before/law_slash_contrib_slash_lsf_slash_workflow.py,LSFWorkflow.lsf_workflow_requires,1
c:/src/pylint-intervention/data/in_the_wild\versions/law/0c84e87b67bd42824d21e5dc870a013a2c772373/before/law_slash_contrib_slash_lsf_slash_workflow.py,LSFWorkflow.lsf_output_postfix,1
c:/src/pylint-intervention/data/in_the_wild\versions/law/0c84e87b67bd42824d21e5dc870a013a2c772373/before/law_slash_contrib_slash_lsf_slash_workflow.py,LSFWorkflow.lsf_job_manager_cls,1
c:/src/pylint-intervention/data/in_the_wild\versions/law/0c84e87b67bd42824d21e5dc870a013a2c772373/before/law_slash_contrib_slash_lsf_slash_workflow.py,LSFWorkflow.lsf_create_job_manager,1
c:/src/pylint-intervention/data/in_the_wild\versions/law/0c84e87b67bd42824d21e5dc870a013a2c772373/before/law_slash_contrib_slash_lsf_slash_workflow.py,LSFWorkflow.lsf_job_file_factory_cls,1
c:/src/pylint-intervention/data/in_the_wild\versions/law/0c84e87b67bd42824d21e5dc870a013a2c772373/before/law_slash_contrib_slash_lsf_slash_workflow.py,LSFWorkflow.lsf_create_job_file_factory,1
c:/src/pylint-intervention/data/in_the_wild\versions/law/0c84e87b67bd42824d21e5dc870a013a2c772373/before/law_slash_contrib_slash_lsf_slash_workflow.py,LSFWorkflow.lsf_job_config,1
c:/src/pylint-intervention/data/in_the_wild\versions/law/0c84e87b67bd42824d21e5dc870a013a2c772373/before/law_slash_contrib_slash_lsf_slash_workflow.py,LSFWorkflow.lsf_use_local_scheduler,1
c:/src/pylint-intervention/data/in_the_wild\versions/law/0c84e87b67bd42824d21e5dc870a013a2c772373/before/law_slash_contrib_slash_lsf_slash_workflow.py,LSFWorkflow.lsf_cmdline_args,1
