repo_name,language,forks_count,network_count,open_issues_count,stargazers_count,subscribers_count,watchers_count
1200wd/bitcoinlib,Python,204,204,18,613,19,613
aajanki/yle-dl,Python,52,52,16,309,30,309
aaugustin/django-sesame,Python,57,57,2,986,17,986
aaugustin/websockets,Python,519,519,21,5231,105,5231
abbbi/qmpbackup,Python,6,6,3,66,6,66
abrt/retrace-server,Python,30,30,23,40,10,40
abseil/abseil-py,Python,246,246,19,2301,74,2301
acorg/dark-matter,Python,7,7,40,15,10,15
acsone/acsone-addons,Python,28,28,0,21,29,21
acsone/setuptools-odoo,Python,47,47,5,41,26,41
ActivityWatch/activitywatch,Python,563,563,163,12641,117,12641
adamchainz/django-mysql,Python,111,111,24,573,14,573
adamchainz/ec2-metadata,Python,31,31,3,111,6,111
adamchainz/flake8-comprehensions,Python,23,23,4,465,8,465
adamchainz/mariadb-dyncol,Python,0,0,1,11,4,11
adamchainz/patchy,Python,13,13,5,178,8,178
adferrand/docker-letsencrypt-dns,Python,89,89,47,553,13,553
adsabs/adsabs-pyingest,Python,9,9,20,2,13,2
Aeolitus/Sephrasto,Python,13,13,6,23,8,23
aerospike/aerospike-client-python,Python,111,111,107,134,69,134
agdsn/hades,Python,3,3,25,8,19,8
agronholm/apscheduler,Python,713,713,40,6308,132,6308
agx/git-buildpackage,Python,67,67,16,96,12,96
airbnb/knowledge-repo,Python,688,688,135,5484,174,5484
aiven/aiven-client,Python,33,33,17,87,78,87
Ajapaik/ajapaik-web,Python,19,19,36,27,11,27
ajyoon/brown,Python,3,3,5,9,3,9
AKAMEDIASYSTEM/fixture_server,Python,1,1,0,0,2,0
akkana/scripts,Python,116,116,7,266,26,266
akretion/subcontractor,Python,2,2,2,3,12,3
akrherz/iembot,Python,5,5,7,11,5,11
akrherz/pyIEM,Python,9,9,25,43,6,43
akrherz/pyWWA,Python,4,4,9,14,6,14
akvo/akvo-rsr,Python,20,20,98,39,25,39
alchemistry/alchemlyb,Python,51,51,25,199,15,199
alejandroautalan/pygubu,Python,213,213,12,2034,92,2034
Alexey-T/CudaText,Python,174,174,52,2540,53,2540
alexprengere/currencyconverter,Python,59,59,2,219,8,219
alfa-addon/addon,Python,162,162,0,107,22,107
alisaifee/flask-limiter,Python,126,126,7,1122,12,1122
alisw/alibuild,Python,47,47,44,24,11,24
all-of-us/raw-data-repository,Python,17,17,2,40,11,40
alphagov/digitalmarketplace-buyer-frontend,Python,14,14,52,3,19,3
alphagov/notifications-admin,Python,34,34,7,43,15,43
alphagov/notifications-api,Python,25,25,18,65,23,65
alphagov/notifications-functional-tests,Python,3,3,1,6,16,6
alphagov/notifications-utils,Python,10,10,3,11,16,11
AmitMY/pose-format,Python,23,23,15,79,5,79
amurzeau/streamlink-debian,Python,3,3,0,5,4,5
AnalogJ/lexicon,Python,306,306,89,1482,30,1482
andikleen/pmu-tools,Python,340,340,179,2037,89,2037
andreafrancia/trash-cli,Python,178,178,67,3677,38,3677
andreax79/python-cstruct,Python,18,18,2,62,10,62
AndreiDrang/python-rucaptcha,Python,29,29,2,94,9,94
andrewshadura/git-crecord,Python,12,12,17,196,8,196
andydandy74/ClockworkForDynamo,Python,96,96,21,223,51,223
AnhellO/DAS_Sistemas,Python,114,114,13,48,4,48
anselmobd/fo2,Python,0,0,5,0,2,0
ansible/ansible-compat,Python,28,28,2,21,13,21
ansible/ansible-lint,Python,664,664,97,3506,60,3506
ansible/ansible,Python,23930,23930,895,63087,1905,63087
antmicro/litex-rowhammer-tester,Python,16,16,13,55,15,55
antoinecarme/pyaf,Python,73,73,11,458,19,458
ANTsX/ANTsPy,Python,164,164,37,650,16,650
apache/allura,Python,35,35,0,131,21,131
apache/bigtop,Java,506,506,212,624,60,624
apache/dispatch,Python,88,88,43,66,22,66
apache/qpid-dispatch,Python,88,88,43,66,22,66
appium/python-client,Python,563,563,31,1691,108,1691
approvals/ApprovalTests.Python,Python,52,52,50,150,14,150
architecture-building-systems/CityEnergyAnalyst,Python,66,66,89,196,19,196
argilo/contest-sdr,Python,6,6,0,32,7,32
ariebovenberg/snug,Python,5,5,3,122,4,122
arizvisa/syringe,Python,8,8,3,38,6,38
arsenetar/dupeguru,Python,418,418,435,5469,106,5469
ARTbio/tools-artbio,Python,18,18,11,12,7,12
arteria-project/arteria-delivery,Python,9,9,3,0,3,0
ARTFL-Project/PhiloLogic4,Python,11,11,24,37,14,37
arthurdejong/python-stdnum,Python,212,212,126,503,15,503
artisan-roaster-scope/artisan,Python,256,256,33,948,66,948
asottile/add-trailing-comma,Python,24,24,0,343,5,343
asphalt-framework/asphalt-templating,Python,3,3,1,5,3,5
asphalt-framework/asphalt-web,Python,3,3,2,11,5,11
asphalt-framework/asphalt,Python,12,12,15,257,15,257
asquarezone/AnsibleZone,Jinja,365,365,5,22,10,22
astanin/python-tabulate,Python,164,164,115,2192,24,2192
atlas0fd00m/CanCat,Python,33,33,6,197,22,197
attwad/python-osc,Python,108,108,43,516,27,516
auth0/auth0-python,Python,167,167,22,521,95,521
auto-mat/klub,Python,9,9,34,7,3,7
automl/auto-sklearn,Python,1282,1282,201,7642,215,7642
autopkg/rtrouton-recipes,Python,93,93,2,131,21,131
avanzosc/odoo-addons,Python,73,73,82,122,21,122
Azure/azure-linux-extensions,Python,255,255,313,309,77,309
Azure/WALinuxAgent,Python,372,372,115,543,88,543
barberscore/barberscore-api,Python,4,4,12,12,5,12
basepair/basepair-python,Python,2,2,13,3,7,3
bazelbuild/bazel-central-registry,Starlark,339,339,151,259,16,259
bazelbuild/continuous-integration,Python,137,137,136,258,35,258
bburns/PyVoyager,Python,0,0,0,13,3,13
bcgov/ckanext-bcgov,Python,23,23,183,24,21,24
bd-j/prospector,Python,75,75,32,159,24,159
beanbaginc/django-evolution,Python,11,11,1,33,6,33
beancount/fava,Python,288,288,95,1977,30,1977
BeatButton/beattie,Python,3,3,0,5,4,5
beaufour/flickr-download,Python,65,65,9,231,7,231
bee-keeper/django-invitations,Python,166,166,32,568,17,568
bendalab/thunderfish,Python,8,8,5,5,8,5
bengosney/rhgd3,Python,0,0,0,2,2,2
berkeley-dsep-infra/datahub,Python,39,39,143,67,6,67
bioconda/bioconda-utils,Python,133,133,122,97,51,97
biocore/tax2tree,Python,10,10,11,15,7,15
BirkbeckCTP/janeway,JavaScript,65,65,725,177,16,177
bit-bots/bitbots_behaviour,Python,6,6,5,3,13,3
bit-bots/bitbots_misc,Python,1,1,2,0,10,0
bit-team/backintime,Python,208,208,176,2119,52,2119
bl4de/security-tools,Python,177,177,3,863,38,863
BlackHole/obh-core,Python,10,10,0,3,9,3
Blazemeter/taurus,Python,462,462,39,2020,106,2020
bob-anderson-ok/py-ote,Python,1,1,2,4,4,4
bohdon/maya-pulse,Python,4,4,2,18,4,18
bokeh/bokeh,TypeScript,4189,4189,787,19392,438,19392
boriel/zxbasic,Python,0,29,0,2,0,2
box/box-python-sdk,Python,215,215,22,421,38,421
BrainwreckedTech/qemu-launcher,Python,1,1,0,6,4,6
brechtm/rinohtype,Python,61,61,115,506,20,506
browniebroke/deezer-python,Python,40,40,3,120,4,120
browniebroke/django-tinymce4-widget,Python,0,0,0,5,2,5
BruceDLong/CodeDog,Python,11,11,9,17,10,17
brython-dev/brython,Python,512,512,58,6400,136,6400
bskinn/sphobjinv,Python,9,9,60,81,6,81
bugsnag/bugsnag-python,Python,42,42,6,86,35,86
buildbot/buildbot,Python,1632,1632,726,5281,198,5281
burningmantech/ranger-ims-server,Python,7,7,93,28,32,28
byt3bl33d3r/CrackMapExec,Python,1639,1639,68,8465,308,8465
c2corg/v6_api,Python,26,26,127,22,14,22
calaldees/KaraKara,TypeScript,9,9,27,29,9,29
calexil/FightstickDisplay,Python,2,2,0,36,5,36
candlepin/subscription-manager,Python,120,120,19,64,15,64
cantools/cantools,Python,566,566,147,1902,68,1902
carlo0815/openNFR-gui2,Python,20,20,2,6,15,6
carthage-college/django-djspace,Python,0,0,0,1,6,1
catalyst-cooperative/pudl,Python,112,112,402,489,19,489
catusf/tudien,Python,15,15,0,71,8,71
CCI-Tools/cate-core,Python,15,15,162,51,12,51
cclauss/itinerant-tester,Python,4,4,1,28,5,28
CellProfiling/cam_acq,Python,1,1,10,3,8,3
ceph/ceph-ansible,Python,1007,1007,7,1688,149,1688
ceph/s3-tests,Python,288,288,164,298,101,298
cerinunn/pdart,Python,5,5,1,19,2,19
CERNDocumentServer/cds-videos,Python,34,34,136,16,15,16
cfe-lab/Kive,Python,1,1,103,8,9,8
cfengine/documentation-generator,Python,20,20,0,11,11,11
Charcoal-SE/SmokeDetector,Python,182,182,71,477,22,477
childsish/lhc-python,Python,0,0,0,0,2,0
ChimeraTK/DeviceAccess-PythonBindings,Python,2,2,1,4,5,4
chirpradio/chirpradio-machine,Python,8,8,2,13,10,13
cihai/cihai,Python,15,15,11,82,4,82
cihai/unihan-db,Python,5,5,2,7,4,7
CIRCL/AIL-framework,Python,285,285,103,1306,95,1306
ckan/ckanext-showcase,Python,77,77,30,43,14,43
Clarity-89/clarityv2,Python,0,0,6,0,2,0
clchiou/garage,Rust,0,0,0,3,3,3
CLCMacTeam/besapi,Python,7,7,2,10,7,10
ClearcodeHQ/pytest-dynamodb,Python,6,6,3,20,9,20
ClearcodeHQ/pytest-elasticsearch,Python,22,22,4,69,9,69
ClearcodeHQ/pytest-mongo,Python,5,5,4,22,8,22
ClearcodeHQ/pytest-mysql,Python,20,20,5,57,7,57
ClearcodeHQ/pytest-postgresql,Python,44,44,21,432,11,432
ClearcodeHQ/pytest-redis,Python,16,16,4,100,6,100
CloudBoltSoftware/cloudbolt-forge,Python,33,33,11,39,40,39
cloudfoundry/php-buildpack,PHP,347,347,16,142,41,142
CloudiDust/wesnoth-cn,Python,8,8,2,18,6,18
cloudify-cosmo/cloudify-azure-plugin,Python,12,12,4,5,30,5
cloudify-cosmo/cloudify-cli,Python,47,47,9,42,35,42
cloudify-cosmo/cloudify-manager,Python,79,79,69,147,45,147
cloudify-cosmo/cloudify-system-tests,Python,18,18,6,7,35,7
cloudify-incubator/cloudify-utilities-plugin,Python,20,20,23,5,11,5
cloudspannerecosystem/spanner-sqlalchemy-demo,Python,4,4,16,7,3,7
cltk/cltk,Python,330,330,39,842,65,842
cmu-delphi/delphi-epidata,Python,68,68,194,102,19,102
coddingtonbear/python-myfitnesspal,Python,138,138,17,803,34,803
codelv/enaml-native,Python,21,21,4,259,22,259
codingjoe/django-s3file,Python,17,17,2,79,10,79
Cog-Creators/Red-DiscordBot,Python,2306,2306,291,4835,213,4835
CoherentLabs/depot_tools,Python,1,1,0,1,27,1
cole/aiosmtplib,Python,48,48,8,356,8,356
compas-dev/compas,Python,109,109,96,316,27,316
CompassionCH/compassion-modules,Python,52,52,8,9,10,9
CompassionCH/compassion-switzerland,Python,47,47,1,2,10,2
Comunitea/CMNT_00040_2016_ELN_addons,Python,5,5,0,1,9,1
Conceiva/MezzmoKodiPlugin,Python,8,8,0,21,4,21
conda-forge/conda-forge-webservices,Python,35,35,69,8,17,8
conda-forge/conda-smithy,Python,183,183,381,152,23,152
conda-forge/staged-recipes,Python,4975,4975,849,711,25,711
Connor-R/nba_shot_charts,Python,1,1,0,8,5,8
coopengo/tryton,Python,18,18,15,0,11,0
coreruleset/coreruleset,Python,382,382,104,2301,60,2301
corradio/electricitymap,Python,952,952,257,3624,77,3624
Corvia/django-tenant-users,Python,67,67,8,357,19,357
COSMOGRAIL/COSMOULINE,Python,3,3,1,4,5,4
couchbase/couchbase-cli,Python,47,47,22,39,12,39
couchbase/couchbase-python-client,Python,110,110,1,242,33,242
couchbase/perfrunner,Python,39,39,13,20,22,20
cpalmer718/statgen-mi,Python,0,0,3,0,1,0
cpn18/track-chart,Python,2,2,12,1,4,1
crate/crate-python,Python,31,31,14,79,41,79
crossbario/autobahn-python,Python,770,770,185,2481,101,2481
crs4/ProMort,Python,5,5,11,3,11,3
cryoem/pydusa-feedstock,Python,2,2,0,0,16,0
csyhuang/hn2016_falwa,Jupyter Notebook,17,17,13,34,4,34
ctools/ctools,Python,15,15,0,8,8,8
cxcsds/ciao-contrib,Python,6,6,70,8,5,8
d2emon/generator-pack,Python,0,0,0,0,2,0
d2l-ai/d2l-zh,Python,11070,11070,88,63892,1066,63892
daniel-beet/got-your-back,Python,0,0,0,1,3,1
DanielAndreasen/SWEETer-Cat,Python,1,1,5,12,5,12
Danielhiversen/pyTibber,Python,36,36,3,97,11,97
danielhrisca/asammdf,Python,226,226,82,655,41,655
DaoCloud/daocloud-docs,Python,201,201,144,181,37,181
DataDog/integrations-core,Python,1408,1408,226,939,498,939
DataDog/integrations-extras,Python,750,750,72,254,233,254
datajoint/datajoint-python,Python,85,85,127,170,16,170
datamade/la-metro-councilmatic,Python,2,2,84,6,7,6
Datateknologerna-vid-Abo-Akademi/date-website,Python,3,3,68,11,8,11
DavidCain/mitoc-trips,Python,9,9,18,43,7,43
daviddrysdale/python-phonenumbers,Python,417,417,10,3521,90,3521
davidorlea/homeassistant-config,Python,1,1,1,2,3,2
deepmind/dm-haiku,Python,231,231,91,2909,37,2909
deepmind/kfac-jax,Python,23,23,16,250,11,250
defivelo/db,Python,0,0,12,3,3,3
delmic/odemis,Python,39,39,27,47,13,47
demisto/content,Python,1681,1681,174,1136,69,1136
DemocracyClub/EveryElection,Python,15,15,141,11,8,11
DemocracyClub/UK-Polling-Stations,Python,30,30,132,33,8,33
DemocracyClub/yournextrepresentative,Python,27,27,267,21,9,21
Der-Eddy/discord_bot,Python,42,42,2,110,8,110
deragon/autopoweroff,Python,7,7,4,52,5,52
deschler/django-modeltranslation,Python,257,257,134,1384,32,1384
desec-io/desec-stack,Python,50,50,114,398,15,398
desecho/django-tqdm,Python,0,0,1,8,3,8
desihub/desidatamodel,Python,10,10,7,4,47,4
desihub/desisim,Python,22,22,41,16,54,16
desihub/desispec,Python,23,23,362,36,51,36
desihub/desitarget,Python,22,22,13,19,52,19
desihub/fiberassign,Python,8,8,36,8,49,8
devilry/devilry-django,Python,24,24,71,51,14,51
DFO-Ocean-Navigator/Ocean-Data-Map-Project,Python,20,20,134,50,14,50
dgketchum/MT_Rsense,Python,1,1,0,4,3,4
dials/dials,Python,52,52,178,75,25,75
DiCarloLab-Delft/PycQED_py3,Python,40,40,29,70,21,70
DigitalCampus/django-oppia,Python,58,58,2,17,7,17
digitalocean/netbox,Python,2599,2599,338,16353,409,16353
distrochooser/distrochooser,Python,57,57,49,729,10,729
dj-stripe/dj-stripe,Python,488,488,76,1644,33,1644
django-crispy-forms/django-crispy-forms,Python,733,733,65,5034,115,5034
django-extensions/django-extensions,Python,1156,1156,223,6579,104,6579
django-functest/django-functest,Python,11,11,5,129,6,129
django-helpdesk/django-helpdesk,Python,640,640,115,1559,93,1559
django-oscar/django-oscar,Python,2230,2230,121,6289,269,6289
django-wiki/django-wiki,Python,570,570,49,1835,92,1835
djaodjin/djaodjin-deployutils,Python,6,6,3,7,5,7
djaodjin/djaodjin-extended-templates,Python,4,4,2,5,4,5
djaodjin/djaodjin-pages,Python,9,9,8,13,3,13
djaodjin/djaodjin-signup,Python,9,9,4,20,3,20
djaodjin/djaodjin-survey,Python,6,6,8,23,5,23
DLRSP/django-sp,Python,0,0,16,2,2,2
dls-controls/pymalcolm,Python,14,14,6,9,30,9
dlu-ch/dlb,Python,0,0,0,2,2,2
dmlc/tvm,Python,3475,3475,682,11818,376,11818
dnanexus/dx-toolkit,Python,86,86,75,90,67,90
dnmellen/django-rest-friendship,Python,6,6,1,12,2,12
DOAJ/doaj,Python,16,16,28,59,13,59
docker/docker-py,Python,1675,1675,493,6838,194,6838
DomainTools/python_api,Python,32,32,6,82,12,82
donkirkby/live-py-plugin,Python,57,57,46,292,12,292
dpazel/music_rep,Python,2,2,0,10,1,10
dpgaspar/Flask-AppBuilder,Python,1363,1363,211,4708,155,4708
dr-prodigy/python-holidays,Python,1,468,0,6,1,6
DrDos0016/z2,Python,1,1,8,4,5,4
DreamSourceLab/DSView,Python,417,417,398,1134,94,1134
drix00/microanalysis_file_format,Python,0,0,2,0,2,0
drtuxwang/system-config,Python,2,2,0,6,3,6
DShield-ISC/dshield,Shell,84,84,10,449,53,449
dtmilano/AndroidViewClient,Python,347,347,53,1629,76,1629
e3nn/e3nn-jax,Python,18,18,2,184,12,184
eaobservatory/hedwig,Python,2,2,0,1,10,1
easybuilders/easybuild-easyconfigs,Python,702,702,1457,382,33,382
EasyPost/easypost-python,Python,57,57,1,111,56,111
ebmdatalab/openprescribing,HTML,25,25,234,98,16,98
ebrahimraeyat/civilTools,Python,6,6,8,12,3,12
ecmwf/eccodes-python,Python,33,33,18,116,20,116
ecolell/pfamserver,Python,1,1,4,3,3,3
ECP-CANDLE/Benchmarks,Python,83,83,33,59,34,59
edigiacomo/django-statusboard,Python,2,2,4,40,4,40
eduNEXT/edunext-platform,Python,7,7,15,29,9,29
EdwardBetts/osm-wikidata,Python,20,20,256,110,13,110
edwinsteele/biblebox-pi,Python,18,18,7,28,11,28
edx/api-manager,Python,6,6,5,12,104,12
edx/edx-analytics-dashboard,Python,1,132,5,0,0,0
edx/edx-e2e-tests,Python,37,37,8,7,93,7
edx/edx-enterprise,Python,48,48,43,43,86,43
edx/edx-proctoring,Python,85,85,14,58,116,58
edx/xblock-lti-consumer,Python,84,84,32,28,99,28
EeOneDown/spbu4u,Python,6,6,5,22,2,22
egdman/neat-lite,Python,1,1,1,1,2,1
eggpi/citationhunt,Python,48,48,20,108,14,108
Ehco1996/django-sspanel,Python,963,963,5,3105,81,3105
eirannejad/pyRevit,Python,337,337,91,1321,116,1321
ekeih/OmNomNom,Python,7,7,0,33,3,33
elastic/elasticsearch-py,Python,1178,1178,43,34,178,34
eliben/code-for-blog,Go,748,748,2,1604,92,1604
elifesciences/builder,Python,12,12,7,7,14,7
elifesciences/elife-metrics,Python,1,1,3,1,14,1
elifesciences/elife-tools,Python,7,7,4,15,18,15
elifesciences/lax,Python,3,3,1,4,14,4
EmbodiedCognition/py-c3d,Python,47,47,6,104,13,104
EnergieID/entsoe-py,Python,190,190,43,431,35,431
epidataio/epidata-community,Python,7,7,1,8,11,8
erikw/taiga-stats,Python,6,6,0,41,3,41
Erotemic/local,Python,2,2,0,10,4,10
erwan-lemonnier/klue-microservice,Python,2,2,9,41,5,41
ESSS/pytest-regressions,Python,36,36,19,185,18,185
eternnoir/pyTelegramBotAPI,Python,2036,2036,12,8137,235,8137
eth-cscs/production,Python,42,42,5,49,25,49
evanepio/dotmanca,Python,1,1,1,2,3,2
evansd/whitenoise,Python,152,152,34,2557,25,2557
evilsocket/opensnitch,Python,511,511,103,10961,202,10961
ewerybody/a2,Python,10,10,35,63,12,63
exhuma/puresnmp,Python,24,24,33,82,10,82
f-droid/fdroiddata,Python,72,72,0,255,20,255
F5Networks/f5-ansible,Python,233,233,70,377,85,377
fabiocaccamo/python-codicefiscale,Python,24,24,7,74,4,74
facialhairtuesday/METARmap,Python,0,0,0,0,1,0
FactoryBoy/factory_boy,Python,400,400,190,3529,39,3529
FCP-INDI/C-PAC,Python,41,41,411,64,11,64
FederatedAI/FATE,Python,1554,1554,86,5733,136,5733
fedora-infra/bodhi,Python,196,196,291,155,23,155
fedora-infra/datanommer,Python,25,25,8,15,9,15
fedora-infra/the-new-hotness,Python,32,32,19,44,24,44
fedspendingtransparency/data-act-broker-backend,Python,30,30,6,54,34,54
fedspendingtransparency/data-act-broker-backend,Python,30,30,6,54,34,54
fi-ksi/web-backend,Python,4,4,21,10,2,10
Fillll/reddit2telegram,Python,125,125,5,263,7,263
firetools/blenderfds,Python,12,12,15,45,4,45
firewalld/firewalld,Python,277,277,241,881,38,881
fishilico/shared,Python,14,14,0,39,9,39
fjfnaranjo/fjfnaranjo-bot,Python,0,0,5,1,1,1
fkie-cad/FACT_core,Python,225,225,121,1249,34,1249
flavoi/diventi,Python,0,0,0,0,2,0
flutter/buildroot,Python,258,258,2,137,77,137
fmfn/BayesianOptimization,Python,1548,1548,12,7948,131,7948
FNNDSC/ChRIS_ultron_backEnd,Python,100,100,89,31,13,31
fnp/wolnelektury,JavaScript,7,7,1,43,10,43
foarsitter/decide-exchange-model,Python,1,1,3,2,4,2
FOSSEE/eSim,Python,87,87,44,89,27,89
fracpete/python-weka-wrapper3,Python,29,29,0,142,8,142
freeipa/freeipa,Python,344,344,31,1008,51,1008
freelawproject/reporters-db,Python,34,34,26,96,22,96
freiheit/discord_feedbot,Python,28,28,1,82,8,82
frePPLe/frePPLe,C++,256,256,43,534,48,534
Frikanalen/frikanalen,Python,12,12,64,25,10,25
Frojd/wagtail-geo-widget,Python,37,37,7,137,8,137
Frontware/Weladee-odoo,Python,9,9,1,5,4,5
fruce-ki/utility_scripts,Python,0,0,2,2,1,2
fsspec/filesystem_spec,Python,362,362,295,1045,19,1045
funkyfuture/deck-chores,Python,27,27,15,196,13,196
Fyzel/weather-data-flaskapi,Python,1,1,4,1,4,1
GafferHQ/gaffer,Python,207,207,339,969,101,969
gajim/python-nbxmpp,Python,5,5,0,7,5,7
GAM-team/GAM,Python,473,473,26,3541,214,3541
gbrammer/eazy-py,Python,25,25,12,37,7,37
gem-pasteur/macsyfinder,Python,17,17,2,51,10,51
gem/oq-engine,Python,277,277,50,386,36,386
genenetwork/genenetwork2,Python,24,24,37,34,13,34
genialis/resolwe-bio,Python,34,34,4,17,12,17
GenomicsStandardsConsortium/mixs,Python,21,21,415,39,19,39
gentoo/portage,Python,256,256,70,544,72,544
geomagpy/MARTAS,Python,2,2,3,7,6,7
GeoMop/GeoMop,Python,1,1,77,3,6,3
geospace-code/pymap3d,Python,85,85,9,396,13,396
GeospatialPython/pyshp,Python,260,260,26,1108,67,1108
GeotrekCE/Geotrek-admin,Python,76,76,449,136,39,136
GerritCodeReview/git-repo,Python,173,173,1,328,19,328
gforcada/flake8-builtins,Python,24,24,3,115,5,115
gilesknap/gphotos-sync,Python,169,169,15,2031,40,2031
Giswater/giswater_qgis_plugin,Python,28,28,17,66,23,66
git-cola/git-cola,Python,459,459,3,2278,83,2278
git-keeper/git-keeper,Python,9,9,16,7,4,7
gitpython-developers/GitPython,Python,906,906,164,4651,106,4651
giuserpe/leeno,Python,2,2,2,8,7,8
gjr80/weewx-polarwindplot,Python,0,0,11,1,5,1
globocom/database-as-a-service,Python,96,96,29,369,80,369
globus/globus-cli,Python,22,22,7,74,12,74
globus/globus-sdk-python,Python,38,38,8,68,11,68
GluuFederation/community-edition-setup,Python,58,58,35,188,35,188
GNS3/gns3-gui,Python,436,436,142,2182,176,2182
GNS3/gns3-registry,Shell,396,396,9,331,47,331
GNS3/gns3-server,Python,263,263,101,818,75,818
gocardless/gocardless-pro-python,Python,26,26,9,37,91,37
goodtune/vitriolic,Python,0,0,23,0,2,0
google-research/connectomics,Python,11,11,6,33,7,33
google-research/graphworld,Python,29,29,6,173,9,173
google-research/large_scale_mmdma,Python,2,2,1,9,5,9
google-research/multinerf,Python,342,342,104,3657,47,3657
google-research/nisaba,Python,4,4,18,38,7,38
google-research/pactran_metrics,Python,2,2,4,14,2,14
google-research/prompt-tuning,Python,59,59,9,657,8,657
google-research/skai,Python,17,17,8,116,15,116
googleapis/doc-pipeline,Python,11,11,25,10,44,10
googleapis/gapic-generator-python,Python,69,69,271,122,54,122
googleapis/google-api-python-client,Python,2416,2416,147,7794,288,7794
googleapis/google-auth-library-python-oauthlib,Python,82,82,34,188,52,188
googleapis/google-auth-library-python,Python,309,309,111,784,74,784
googleapis/proto-breaking-change-detector,Python,8,8,24,19,49,19
googleapis/python-api-core,Python,88,88,73,122,46,122
googleapis/python-bigquery-pandas,Python,121,121,33,451,63,451
googleapis/python-bigquery-sqlalchemy,Python,130,130,54,436,51,436
googleapis/python-bigquery-storage,Python,46,46,22,116,49,116
googleapis/python-bigquery,Python,306,306,69,746,55,746
googleapis/python-bigtable,Python,58,58,53,68,48,68
googleapis/python-datastore,Python,44,44,10,80,50,80
googleapis/python-db-dtypes-pandas,Python,6,6,14,26,45,26
googleapis/python-error-reporting,Python,12,12,5,25,44,25
googleapis/python-firestore,Python,75,75,70,219,46,219
googleapis/python-game-servers,Shell,6,6,0,11,42,11
googleapis/python-logging,Python,55,55,36,130,44,130
googleapis/python-org-policy,Python,9,9,3,8,41,8
googleapis/python-pubsublite,Python,12,12,7,19,50,19
googleapis/python-pubsub,Python,205,205,30,392,52,392
googleapis/python-spanner,Python,88,88,61,137,52,137
googleapis/python-storage,Python,154,154,44,450,49,450
googleapis/sphinx-docfx-yaml,Python,7,7,36,5,45,5
googleapis/storage-testbench,Python,20,20,39,9,40,9
GoogleChrome/chromium-dashboard,Python,373,373,486,641,91,641
GoogleCloudPlatform/ci-for-data-in-bigquery,Python,6,6,0,24,4,24
GoogleCloudPlatform/cloud-data-quality,Python,57,57,38,259,42,259
GoogleCloudPlatform/cloud-run-microservice-template-python,Python,44,44,4,86,20,86
GoogleCloudPlatform/cloud-sql-python-connector,Python,68,68,33,286,27,286
GoogleCloudPlatform/contact-center-ai-samples,Jupyter Notebook,41,41,34,56,19,56
GoogleCloudPlatform/datacatalog-tag-engine,Python,18,18,10,49,19,49
GoogleCloudPlatform/dataflow-geobeam,Python,30,30,13,85,21,85
GoogleCloudPlatform/dfcx-scrapi,Python,63,63,36,95,24,95
GoogleCloudPlatform/document-ai-samples,Jupyter Notebook,105,105,17,241,24,241
GoogleCloudPlatform/document-intake-accelerator,Python,11,11,59,12,16,12
GoogleCloudPlatform/emblem,Python,61,61,79,240,20,240
GoogleCloudPlatform/fourkeys,Python,597,597,67,2180,61,2180
GoogleCloudPlatform/getting-started-python,Python,591,591,15,788,89,788
GoogleCloudPlatform/hpc-toolkit,HCL,146,146,25,212,34,212
GoogleCloudPlatform/market-data-transcoder,Python,11,11,31,35,20,35
GoogleCloudPlatform/microservices-demo,Go,7353,7353,46,17084,234,17084
GoogleCloudPlatform/monitoring-dashboard-samples,TypeScript,293,293,20,493,49,493
GoogleCloudPlatform/professional-services-data-validator,Python,119,119,109,408,36,408
GoogleCloudPlatform/public-datasets-pipelines,Python,68,68,133,152,26,152
GoogleCloudPlatform/reg-reporting-blueprint,Python,11,11,0,23,21,23
GoogleCloudPlatform/security-analytics,Python,69,69,4,326,27,326
GoogleCloudPlatform/serverless-spark-workshop,Python,33,33,1,63,18,63
GoogleCloudPlatform/snapshot-debugger,Python,19,19,0,139,10,139
GoogleCloudPlatform/vertex-ai-alphafold-inference-pipeline,Python,30,30,22,67,22,67
googlecolab/colabtools,Jupyter Notebook,725,725,578,2208,82,2208
googlefonts/axisregistry,Python,11,11,26,27,17,27
googlefonts/color-fonts,Python,13,13,18,96,22,96
googlefonts/fontbakery,Python,103,103,444,555,50,555
googlefonts/fontmake,Python,94,94,259,789,58,789
googlefonts/gftools,Python,70,70,135,243,35,243
googlefonts/glyphsets,Python,18,18,39,79,26,79
googlefonts/glyphsLib,Python,51,51,188,182,41,182
googlefonts/lang,Python,19,19,11,24,8,24
googlefonts/nanoemoji,Python,23,23,57,241,31,241
googlefonts/noto-emoji,Python,463,463,88,3850,119,3850
googlefonts/ufo2ft,Python,43,43,81,152,29,152
googleforgames/clean-chat,Python,7,7,13,51,8,51
googlei18n/fontmake,Python,94,94,259,789,58,789
googlemaps/python-high-volume-address-validation-library,Python,14,14,1,32,9,32
googleworkspace/python-samples,Python,901,901,153,1217,62,1217
google/atheris,Python,113,113,30,1406,40,1406
google/BIG-bench,Python,592,592,108,2877,51,2877
google/clusterfuzz,Python,557,557,349,5312,120,5312
google/deepvariant,Python,728,728,5,3246,156,3246
google/fhir-py,Python,14,14,6,81,6,81
google/fuzzbench,Python,270,270,286,1109,35,1109
google/gps_building_blocks,Python,17,17,26,39,6,39
google/latexify_py,Python,387,387,20,7260,57,7260
google/megalista,Python,57,57,14,132,21,132
google/ml-compiler-opt,Python,93,93,50,634,21,634
google/nsscache,Python,56,56,9,143,10,143
google/orbax,Python,36,36,146,304,10,304
google/paxml,Python,68,68,30,457,15,457
google/python-spanner-orm,Python,19,19,22,39,16,39
google/qhbm-library,Python,15,15,49,41,6,41
google/riscv-dv,Python,330,330,131,1030,82,1030
google/tf-quant-finance,Python,580,580,35,4564,170,4564
google/uncertainty-baselines,Python,202,202,121,1450,22,1450
google/viai-sdk,Python,3,3,4,6,4,6
google/weather-tools,Python,40,40,87,216,16,216
gpodder/gpodder,Python,206,206,306,1296,46,1296
graphistry/pygraphistry,Python,206,206,178,2171,49,2171
graphql-python/graphql-core,Python,136,136,34,513,22,513
GregDMeyer/dynamite,Python,6,6,3,33,6,33
grycap/scar,Python,46,46,28,598,17,598
gsuitedevs/python-samples,Python,901,901,153,1217,62,1217
guardicore/monkey,Python,786,786,236,6687,239,6687
hail-is/hail,Python,246,246,252,984,55,984
happyleavesaoc/aoc-mgz,Python,45,45,1,199,18,199
hardbyte/python-can,Python,604,604,227,1308,77,1308
harrystech/arthur-redshift-etl,Python,11,11,43,26,11,26
hastexo/hastexo-xblock,Python,14,14,2,20,5,20
healpy/healpy,Python,187,187,64,264,17,264
healthchecks/healthchecks,Python,842,842,81,8351,103,8351
HearthSim/python-hearthstone,Python,62,62,6,245,28,245
Hemisphere-Project/HPlayer2,Python,4,4,8,29,11,29
hendrikwout/pynacolada,Python,0,0,0,1,1,1
henla464/WiRoc-Python-2,Python,0,0,0,1,3,1
henrysky/astroNN,Python,51,51,7,193,9,193
HERA-Team/pyuvdata,Python,27,27,99,82,29,82
hhursev/recipe-scraper,Python,532,532,130,1750,35,1750
hiperwalk/hpwalk,Python,7,7,12,10,8,10
Hipo/university-domains-list,Python,445,445,66,1328,26,1328
hivesolutions/appier,Python,22,22,11,127,10,127
homeworkprod/weitersager,Python,1,1,0,4,2,4
honeybadger-io/honeybadger-python,Python,26,26,23,15,10,15
HorvathLab/NGS,Python,16,16,11,39,8,39
hotsyk/hotsyk,Python,0,0,0,1,1,1
hpcugent/easybuild-framework,Python,203,203,779,152,28,152
huggingface/diffusers,Python,5427,5427,531,26346,201,26346
huggingface/huggingface_hub,Python,559,559,152,2131,59,2131
huggingface/transformers,Python,27117,27117,1463,135486,1126,135486
HumanCompatibleAI/imitation,Python,249,249,92,1331,19,1331
HXLStandard/hxl-proxy,Python,4,4,3,21,11,21
HXLStandard/libhxl-python,Python,11,11,2,40,11,40
hydraplatform/hydra-base,Python,7,7,106,8,8,8
hydrosquall/tiingo-python,Python,53,53,27,252,9,252
icatproject/python-icat,Python,6,6,6,12,8,12
ICTU/quality-time,Python,16,16,188,52,9,52
igraph/python-igraph,Python,249,249,49,1322,35,1322
ihmeuw/vivarium,Python,15,15,5,46,14,46
ilius/pyglossary,Python,237,237,13,2250,63,2250
IMIO/docker-teleservices,Python,1,1,1,4,14,4
INCF/pybids,Python,122,122,106,225,22,225
indico/indico-plugins,Python,44,44,12,28,16,28
infobloxopen/infoblox-client,Python,104,104,30,141,26,141
informatics-isi-edu/deriva-py,Python,4,4,22,3,13,3
ingadhoc/sale,Python,59,59,49,49,12,49
inspirehep/inspire-next,Python,69,69,277,59,24,59
intel/event-converter-for-linux-perf,Python,5,5,0,15,10,15
inveniosoftware/invenio-accounts,Python,69,69,41,6,84,6
inveniosoftware/invenio-communities,Python,72,72,96,5,78,5
inventree/InvenTree,Python,790,790,218,4364,71,4364
invesalius/invesalius3,Python,287,287,133,632,38,632
ionelmc/django-redisboard,Python,48,48,6,274,14,274
ioos/compliance-checker,Python,58,58,30,110,22,110
iree-org/iree-llvm-sandbox,Python,31,31,42,55,17,55
iree-org/iree-torch,Python,11,11,6,25,16,25
IronLanguages/ironpython3,Python,290,290,291,2512,147,2512
isard-vdi/isard,Python,57,57,18,198,26,198
isb-cgc/readthedocs,Python,16,16,1,10,19,10
isogeo/isogeo-plugin-qgis,Python,5,5,45,16,10,16
ISS-Mimic/Mimic,Python,27,27,57,295,26,295
istvanzk/rpicampy,Python,0,0,0,1,1,1
j-ro/contact-states,Python,7,7,0,5,4,5
jakespringer/angr_ctf,Python,155,155,10,974,18,974
janeczku/calibre-web,Fluent,1407,1407,334,13167,167,13167
janpipek/physt,Python,14,14,41,134,10,134
jar3b/py-phias,Python,0,0,3,4,3,4
jaraco/jaraco.collections,Python,6,6,2,13,6,13
Jarn/jarn.mkrelease,Python,5,5,1,4,5,4
jax-ml/jax-triton,Python,39,39,51,345,20,345
jazzband/django-axes,Python,348,348,19,1503,24,1503
jazzband/django-debug-toolbar,Python,1050,1050,64,8112,112,8112
jbadson/render_controller,Python,2,2,0,2,3,2
jblance/mpp-solar,Python,151,151,38,365,32,365
jeremiah-c-leary/vhdl-style-guide,Python,40,40,83,192,11,192
jeromecc/doctoctocbot,Python,5,5,55,9,5,9
jhanley634/testing-tools,Python,0,0,0,0,1,0
jhcepas/eggnog-mapper,Python,106,106,109,575,18,575
jhpyle/docassemble,Python,257,257,9,794,49,794
jim-easterbrook/Photini,Python,24,24,1,163,13,163
jjgomera/pychemqt,Python,34,34,7,146,27,146
jnewland/ha-config,Python,3,3,16,30,5,30
JoinMarket-Org/joinmarket-clientserver,Python,179,179,190,731,47,731
jorisroovers/gitlint,Python,101,101,53,829,17,829
josephsl/stationPlaylist,Python,5,5,3,8,6,8
josephsl/wintenApps,Python,9,9,0,24,7,24
joshspeagle/dynesty,Python,79,79,15,360,19,360
JosPolfliet/pandas-profiling,Python,1689,1689,257,12559,152,12559
jpadilla/pyjwt,Python,690,690,20,5177,60,5177
jrief/djangocms-cascade,Python,85,85,38,166,15,166
jrsmith3/ibei,Python,1,1,10,1,2,1
jstitch/MambuPy,Python,1,1,3,3,2,3
juju/python-libjuju,Python,101,101,71,61,28,61
jumpserver/jumpserver,Python,5343,5343,77,25576,655,25576
Juniper/py-junos-eznc,Python,344,344,54,672,108,672
jupyter/governance,Python,71,71,46,82,40,82
jwodder/linesep,Python,2,2,0,1,3,1
K3D-tools/K3D-jupyter,Python,121,121,22,953,25,953
Kaggle/docker-python,Python,955,955,26,2470,94,2470
Karaage-Cluster/python-tldap,Python,6,6,0,10,7,10
karmab/kcli,Python,142,142,2,516,17,516
KarolBedkowski/webmon,Python,0,0,0,5,5,5
kaste/mockito-python,Python,12,12,10,123,7,123
kbaseapps/kb_uploadmethods,Python,21,21,11,4,14,4
kbd/setup,Python,4,4,0,71,2,71
KC3Kai/kc3-translations,Python,108,108,1,40,37,40
kdeldycke/meta-package-manager,Python,33,33,27,473,13,473
KDE/kajongg,Python,3,3,0,19,2,19
kedder/soaring-coupons,Python,0,0,2,0,5,0
Keeper-Security/Commander,Python,74,74,32,190,43,190
kelvins/Algoritmos-e-Estruturas-de-Dados,Python,267,267,8,1051,33,1051
keras-team/keras-cv,Python,330,330,218,1010,31,1010
keras-team/keras-nlp,Python,243,243,187,803,31,803
keras-team/keras-tuner,Python,396,396,222,2860,63,2860
KerkhoffTechnologies/django-connectwise,Python,9,9,3,14,3,14
kevinkahn/softconsole,Python,6,6,0,22,13,22
khalim19/gimp-plugin-export-layers,Python,38,38,14,607,22,607
kianby/stacosys,Python,2,2,1,17,5,17
KimiNewt/pyshark,Python,423,423,127,2257,77,2257
Kinto/kinto-attachment,Python,7,7,16,43,6,43
KITPraktomatTeam/Praktomat,Python,22,22,50,46,4,46
kitsuyui/bamboo-crawler,Python,1,1,3,0,3,0
kivy/python-for-android,Python,1859,1859,266,8378,352,8378
kiwix/kiwix-build,Python,43,43,30,90,16,90
klahnakoski/mo-dots,Python,3,3,1,6,4,6
klahnakoski/mo-logs,Python,1,1,2,3,4,3
KlubJagiellonski/pola-backend,Python,14,14,157,39,14,39
kmike/port-for,Python,9,9,4,32,4,32
kobotoolbox/formpack,Python,21,21,32,14,20,14
kobotoolbox/kobocat,Python,127,127,125,117,34,117
kochelmonster/larch-pickle,Python,3,3,1,30,1,30
kovidgoyal/calibre,Python,2263,2263,3,19899,382,19899
KSG-IT/ksg-nett,Python,1,1,6,9,10,9
kubeflow/katib,Go,443,443,131,1510,67,1510
kubeflow/pipelines,Python,1633,1633,269,3623,101,3623
kubeflow/training-operator,Go,700,700,126,1619,83,1619
kubernetes-client/python,Python,3274,3274,84,6815,141,6815
kurtmckee/listparser,Python,3,3,1,77,8,77
kylef/swiftenv-api,Python,9,9,11,25,5,25
l33tdaima/l33tdaima,Python,0,0,0,0,2,0
lablup/sorna,Python,154,154,475,522,25,522
LaboratoireMecaniqueLille/crappy,Python,16,16,8,81,14,81
lafranceinsoumise/api-django,Python,10,10,35,31,8,31
landlab/landlab,Python,336,336,397,358,29,358
languitar/autosuspend,Python,15,15,6,76,4,76
languitar/pass-git-helper,Python,21,21,1,321,10,321
lauris/awesome-scala,Python,1273,1273,10,9042,601,9042
leliel12/scikit-criteria,Python,15,15,5,81,7,81
lepture/mistune,Python,250,250,34,2601,46,2601
lest/prometheus-rpm,Python,106,106,62,249,18,249
letsencrypt/letsencrypt,Python,3404,3404,247,31622,748,31622
libyal/winreg-kb,Python,20,20,5,163,15,163
LinkedEarth/Pyleoclim_util,Python,33,33,42,88,12,88
linsalrob/EdwardsLab,Jupyter Notebook,16,16,1,39,9,39
Linutronix/elbe,Python,59,59,25,170,25,170
linux-system-roles/network,Python,106,106,39,238,17,238
LinuxCNC/linuxcnc,Python,1164,1164,329,1815,152,1815
linuxmuster/linuxmuster-base7,Python,8,8,12,13,12,13
liqd/a4-meinberlin,Python,6,6,58,40,9,40
litex-hub/linux-on-litex-vexriscv,Python,175,175,53,591,43,591
litex-hub/litex-boards,Python,289,289,38,379,31,379
LLNL/spack,Python,2290,2290,3200,4428,100,4428
LogicalDash/LiSE,Python,9,9,27,120,15,120
lsst-sqre/documenteer,Python,3,3,12,6,6,6
lsst-sqre/ltd-keeper,Python,4,4,13,4,6,4
lsst-ts/ts_wep,Python,2,2,18,1,8,1
lsst/obs_decam,Python,14,14,2,4,47,4
luci/luci-py,Python,36,36,83,80,28,80
luci/recipes-py,Python,17,17,4,24,25,24
MaastrichtUniversity/irods-ruleset,Python,3,3,1,3,7,3
macbre/index-digest,Python,5,5,15,77,4,77
magenta/midi-ddsp,Python,17,17,8,303,11,303
mail-in-a-box/mailinabox,Python,1443,1443,578,14046,286,14046
makinacorpus/django-paperclip,Python,5,5,3,20,25,20
malloydata/malloy-py,JavaScript,8,8,4,26,9,26
mandli/surge-examples,Python,45,45,1,14,2,14
mar10/pyftpsync,Python,25,25,0,118,10,118
marcelm/cutadapt,Python,130,130,77,523,24,523
marshmallow-code/apispec,Python,177,177,34,1177,24,1177
marshmallow-code/marshmallow,Python,629,629,175,7058,80,7058
martbhell/wasthereannhlgamelastnight,Python,0,0,11,3,3,3
martinpitt/python-dbusmock,Python,52,52,14,62,7,62
MarxMustermann/OfMiceAndMechs,Python,7,7,7,17,4,17
Maselkov/GW2Bot,Python,21,21,24,50,11,50
masschallenge/django-accelerator,Python,0,0,0,5,12,5
materialsproject/MPContribs,Jupyter Notebook,21,21,30,36,10,36
materialsvirtuallab/monty,Python,50,50,16,73,4,73
mathiasertl/django-ca,Python,42,42,5,146,11,146
matkoniecz/OSM-wikipedia-tag-validator,Python,4,4,3,14,6,14
matplotlib/basemap,Python,392,392,115,779,59,779
maxcountryman/flask-login,Python,803,803,16,3587,71,3587
maxking/docker-mailman,Python,104,104,19,235,19,235
mayeut/pybase64,Python,14,14,1,140,5,140
mcolom/ipolDevel,Python,3,3,7,23,11,23
mdiller/MangoByte,Python,32,32,21,89,9,89
meine-stadt-transparent/meine-stadt-transparent,Python,15,15,50,46,4,46
meng89/p1,Python,4,4,0,12,4,12
metabrainz/listenbrainz-server,Python,215,215,16,697,32,697
metomi/rose,Python,53,53,163,56,18,56
mgaertne/minqlx-plugin-tests,Python,2,2,0,6,4,6
michaelhush/M-LOOP,Python,56,56,2,158,16,158
Micronaet/micronaet-bom,Python,3,3,0,0,5,0
Micronaet/micronaet-mx,Python,1,1,0,0,4,0
Micronaet/micronaet-production,Python,2,2,1,3,4,3
Micronaet/micronaet-product,Python,7,7,0,0,4,0
migasfree/migasfree-backend,Python,2,2,0,3,8,3
MightyCreak/diffuse,Python,45,45,35,278,15,278
miguelgrinberg/python-socketio,Python,590,590,13,4020,61,4020
mikacousin/olc,Python,0,0,0,39,5,39
mikeconley/joy-of-coding-episode-guide,Python,8,8,9,42,8,42
mikf/gallery-dl,Python,978,978,1127,12009,152,12009
mikitex70/plantuml-markdown,Python,55,55,2,198,11,198
minus34/gnaf-loader,Python,66,66,6,187,27,187
misken/hillmaker,Python,4,4,13,6,4,6
MISP/misp-modules,Python,234,234,124,347,43,347
missionpinball/mpf-mc,Python,42,42,71,21,9,21
mitodl/bootcamp-ecommerce,Python,2,2,55,6,25,6
mjsauvinen/P4UL,Python,6,6,7,3,4,3
mkorpela/pabot,Python,152,152,153,476,43,476
mkraska/CalculiX-Examples,Python,97,97,19,314,35,314
mmagnus/geekbook,Python,8,8,23,42,5,42
mmlacak/crochess,Python,1,1,0,2,3,2
mne-tools/mne-python,Python,1327,1327,555,2737,84,2737
Mocha2007/mochalib,Python,0,0,0,0,3,0
modoboa/modoboa-installer,Python,138,138,47,262,21,262
mollie/mollie-api-python,Python,55,55,13,114,40,114
mongodb/mongo-python-driver,Python,1106,1106,11,4161,239,4161
moodpulse/l2,Python,14,14,38,17,3,17
more-itertools/more-itertools,Python,288,288,17,3744,42,3744
mosquito/aio-pika,Python,190,190,182,1257,25,1257
mozaik-association/mozaik,Python,25,25,2,36,18,36
mozilla-releng/scriptworker,Python,36,36,36,4,11,4
mozilla/addons-server,Python,537,537,34,869,80,869
mozilla/foundation-security-advisories,Python,32,32,4,20,25,20
mozman/ezdxf,Python,191,191,5,935,34,935
mpi4py/mpi4py,Python,120,120,8,817,16,817
mrachinskiy/jewelcraft,Python,58,58,0,470,40,470
mralext20/alex-bot,Python,7,7,3,5,4,5
mrda/junkcode,Python,1,1,0,1,2,1
mretegan/crispy,Python,14,14,11,40,11,40
msikma/pokesprite,Python,167,167,20,999,64,999
MSLNZ/msl-equipment,Python,13,13,0,16,1,16
MSLNZ/msl-loadlib,Python,17,17,3,76,3,76
MSLNZ/msl-qt,Python,1,1,0,3,1,3
mujin/mujincontrollerclientpy,Python,10,10,5,14,36,14
murphycj/AGFusion,Python,25,25,8,60,5,60
musalbas/mcc-mnc-table,Python,199,199,10,360,42,360
MusculoskeletalAtlasProject/mapclient,Python,19,19,8,21,6,21
mvo5/unattended-upgrades,Python,77,77,86,291,12,291
mzechmeister/serval,Python,10,10,11,36,4,36
n8henrie/icw,Python,2,2,1,17,6,17
namuan/bin-utils,Python,3,3,0,8,3,8
naschorr/hawking,Python,8,8,24,26,5,26
NaturalHistoryMuseum/ckanext-nhm,Python,4,4,55,25,9,25
Naught0/qtbot,Python,0,0,4,3,2,3
nbro/ands,Python,12,12,44,60,7,60
nedbat/coveragepy,Python,435,435,290,3028,35,3028
neo4j/neo4j-python-driver,Python,186,186,4,918,97,918
NeoVintageous/NeoVintageous,Python,43,43,49,688,14,688
nerdvegas/rez,Python,338,338,403,959,83,959
NeuralEnsemble/python-neo,Python,248,248,152,325,34,325
neutrons/FastGR,Python,4,4,38,8,11,8
nextcloud/appstore,Python,136,136,80,305,46,305
nextstrain/fauna,Python,13,13,29,33,22,33
Nicoretti/crc,Python,13,13,4,53,6,53
niklasf/python-chess,Python,532,532,24,2451,72,2451
Nitrate/Nitrate,Python,115,115,87,277,18,277
Nixtla/statsforecast,Python,287,287,104,4004,41,4004
nocarryr/python-dispatch,Python,3,3,6,39,6,39
noironetworks/aci-integration-module,Python,14,14,19,9,36,9
Normation/ncf,Python,38,38,8,46,10,46
nortikin/sverchok,Python,233,233,190,2260,128,2260
NREL/hescore-hpxml,Python,5,5,0,18,9,18
nschloe/meshio,Python,405,405,203,1959,39,1959
nstoik/farm_monitor,Python,0,0,8,0,1,0
nyu-devops/lab-flask-bdd,Python,118,118,0,14,3,14
nyu-devops/lab-flask-tdd,Python,56,56,0,37,3,37
oasis-open/cti-stix-elevator,Python,23,23,43,49,14,49
OCA/account-closing,Python,247,247,14,65,45,65
OCA/account-financial-reporting,Python,617,617,44,237,93,237
OCA/account-financial-tools,Python,763,763,107,316,95,316
OCA/account-fiscal-rule,Python,182,182,26,58,42,58
OCA/account-payment,Python,413,413,35,89,57,89
OCA/bank-payment,Python,527,527,39,201,70,201
OCA/bank-statement-import,Python,417,417,38,155,65,155
OCA/l10n-belgium,Python,47,47,14,16,27,16
OCA/l10n-brazil,Python,247,247,109,248,78,248
OCA/l10n-italy,Python,306,306,371,154,66,154
OCA/l10n-romania,Python,40,40,14,28,21,28
OCA/l10n-spain,Python,520,520,82,291,122,291
OCA/product-variant,Python,264,264,18,58,45,58
OCA/report-print-send,Python,322,322,18,112,49,112
OCA/reporting-engine,HTML,796,796,34,338,81,338
OCA/server-tools,Python,1496,1496,308,705,133,705
OCA/stock-logistics-barcode,Python,332,332,31,161,67,161
OCA/vertical-hotel,Python,254,254,12,141,59,141
OCHA-DAP/hdx-python-api,Python,16,16,0,81,15,81
ODM2/ODM2WebSDL,Python,8,8,107,31,20,31
oe-alliance/AutoBouquetsMaker,Python,59,59,11,22,27,22
ofek/hatch,Python,308,308,338,6095,49,6095
ogdch/ckanext-geocat,Python,1,1,1,1,5,1
okirch/susetest,Python,5,5,0,4,6,4
olmongol/rpg-tools,Python,0,0,0,3,4,3
onlinecity/phone-iso3166,Python,10,10,6,28,14,28
ONSdigital/eq-survey-runner,Python,14,14,0,21,19,21
ONSdigital/ras-frontstage,Python,3,3,10,6,15,6
oorabona/node-liblzma,Python,2,2,5,10,4,10
open-mmlab/mmdetection,Python,9475,9475,1826,29675,373,29675
open-telemetry/opentelemetry-python-contrib,Python,613,613,566,739,23,739
open-telemetry/opentelemetry-python,Python,635,635,339,1821,43,1821
openatv/enigma2,Python,317,317,147,200,58,200
OpenBfS/dokpool-plone,Python,1,1,12,2,4,2
opendata-swiss/ckanext-geocat,Python,1,1,1,1,5,1
opendatazurich/ckanext-stadtzh-theme,Python,2,2,0,3,3,3
OpenDroneMap/OpenDroneMap,Python,1112,1112,43,4911,239,4911
openearth/aeolis-python,Jupyter Notebook,26,26,61,34,10,34
openfisca/openfisca-core,Python,75,75,138,170,24,170
openforcefield/openff-toolkit,Python,93,93,238,318,37,318
OpenMined/PipelineDP,Python,77,77,28,276,21,276
OpenNingia/l5r-character-manager-3,Python,12,12,15,33,18,33
openrazer/openrazer,C,533,533,214,3678,67,3678
openslide/openslide-python,Python,183,183,7,374,14,374
openstack/neutron-lib,Python,52,52,0,43,6,43
openstack/os-brick,Python,66,66,0,57,10,57
openstack/python-openstackclient,Python,210,210,0,336,34,336
openstax/openstax-cms,Python,15,15,10,100,31,100
openSUSE/kernel-source,Python,77,77,2,149,22,149
OpenTechFund/WebApp,Python,38,38,88,69,14,69
OpenViX/vix-core,Python,16,16,0,16,16,16
openworm/Blender2NeuroML,Python,5,5,2,18,13,18
openworm/hodgkin_huxley_tutorial,Python,9,9,5,40,30,40
openzim/zimfarm,Python,25,25,139,84,12,84
oppia/oppia,Python,4108,4108,1475,5848,245,5848
oreillyross/developer-notes,Python,1,1,0,0,3,0
oriontvv/pyaspeller,Python,4,4,1,38,3,38
osm-fr/osmose-backend,Python,116,116,189,94,12,94
osm-fr/osmose-frontend,Python,38,38,70,41,11,41
osmcode/pyosmium,Python,65,65,12,316,15,316
ossf/osv-schema,Python,84,84,36,186,30,186
oss/shrunk,Python,4,4,0,9,13,9
otovo/python-netsgiro,Python,5,5,1,29,17,29
oVirt/ovirt-hosted-engine-setup,Python,32,32,4,19,15,19
oVirt/releng-tools,Python,14,14,1,6,12,6
oVirt/vdsm,Python,200,200,75,161,25,161
p1c2u/openapi-core,Python,132,132,96,306,8,306
p2pu/learning-circles,Python,9,9,194,13,8,13
PaddlePaddle/models,Python,2906,2906,873,6918,269,6918
PAHFIT/pypahfit,Python,26,26,85,19,6,19
painless-software/painless-continuous-delivery,Python,14,14,29,52,5,52
pajlada/tyggbot,Python,100,100,28,295,12,295
pallets/flask,Python,16233,16233,2,68161,2118,68161
pallets/itsdangerous,Python,224,224,1,2936,58,2936
pallets/jinja,Python,1617,1617,128,10382,250,10382
pallets/werkzeug,Python,1733,1733,9,6663,222,6663
PanDAWMS/panda-jedi,Python,13,13,1,3,25,3
pantsbuild/pants,Python,640,640,1111,3343,67,3343
parallel-domain/pd-sdk,Python,6,6,0,23,5,23
parallel-fs-utils/fs-drift,Python,4,4,1,8,4,8
PatrikAAberg/dmce,Python,8,8,0,15,4,15
pauliacomi/pyGAPS,Python,24,24,13,64,6,64
pennersr/django-allauth,Python,3040,3040,1,9577,199,9577
PennyDreadfulMTG/Penny-Dreadful-Tools,Python,28,28,781,41,7,41
peterhinch/micropython-async,Python,168,168,2,742,43,742
peterhinch/micropython-mqtt,Python,127,127,18,582,31,582
PeterRochford/SkillMetrics,Python,92,92,11,204,10,204
pgfoster/p4-phylogenetics,Python,8,8,6,29,10,29
phetsims/phet-info,Python,27,27,25,64,19,64
philgyford/django-ditto,Python,8,8,32,81,4,81
phodge/homely,Python,5,5,37,44,2,44
PhoenixBureau/PythonOberon,Python,2,2,0,14,3,14
pierky/arouteserver,Python,46,46,18,288,16,288
pikepdf/pikepdf,Python,191,191,41,2187,36,2187
piMoll/SEILAPLAN,Python,2,2,0,3,2,3
pkkid/python-plexapi,Python,199,199,66,1146,36,1146
planetlabs/planet-client-python,Python,92,92,75,275,169,275
platformio/platformio-core,Python,795,795,243,7967,197,7967
pleiszenburg/zugbruecke,Python,11,11,33,112,8,112
plivo/plivo-python,Python,66,66,21,62,38,62
plus3it/watchmaker,Python,29,29,16,40,15,40
pm4py/pm4py-core,Python,287,287,8,739,37,739
pmbarrett314/curses-menu,Python,53,53,11,482,23,482
pmgbergen/porepy,Python,88,88,67,251,19,251
PnX-SI/GeoNature,Python,102,102,662,104,42,104
PointOneNav/fusion-engine-client,Python,11,11,6,18,10,18
PokeAPI/pokeapi,Python,955,955,139,4380,74,4380
poliastro/poliastro,Python,283,283,142,892,26,892
PPMstar/PyPPM,Python,5,5,3,5,1,5
praekeltfoundation/ndoh-hub,Python,4,4,2,0,13,0
Pragmatismo/Pigrow,Python,22,22,2,150,29,150
pre-commit/pre-commit-hooks,Python,709,709,11,5386,44,5386
pre-commit/pre-commit,Python,814,814,27,13001,88,13001
precice/aste,Python,12,12,30,10,6,10
predicthq/sdk-py,Python,10,10,0,27,14,27
progettowinstonsmith/e-privacy-site,Python,3,3,4,0,4,0
progrium/pyjwt,Python,690,690,20,5177,60,5177
projectatomic/atomic-reactor,Python,61,61,15,136,13,136
ProjectSky/FrackinUniverse-sChinese-Project,Python,79,79,4,87,6,87
PseudoTV/PseudoTV_Live,Python,33,33,1,197,41,197
pulse-project/pulse2,Python,3,3,29,22,7,22
purduesigbots/pros-cli,Python,35,35,47,109,16,109
pureqml/qmlcore,Python,41,41,25,333,25,333
pvlib/pvlib-python,Python,1012,1012,250,1211,80,1211
PyAbel/PyAbel,Python,40,40,26,97,11,97
pyannote/pyannote-audio,Jupyter Notebook,786,786,58,6392,71,6392
PyCQA/flake8-bugbear,Python,107,107,63,1067,9,1067
pycurl/pycurl,Python,313,313,18,1080,46,1080
PyFilesystem/pyfilesystem2,Python,176,176,112,1995,43,1995
pylast/pylast,Python,105,105,16,680,19,680
pymanopt/pymanopt,Python,150,150,52,768,30,768
PyO3/setuptools-rust,Python,100,100,4,604,16,604
pypa/setuptools_scm,Python,213,213,102,864,28,864
pypa/virtualenv,Python,1030,1030,30,4832,169,4832
pyrocko/pyrocko,Python,80,80,51,216,25,216
pyta-uoft/pyta,Python,59,59,18,90,9,90
PyTables/PyTables,Python,274,274,158,1314,63,1314
pytest-dev/pytest-asyncio,Python,152,152,51,1430,38,1430
pytest-dev/pytest-bdd,Python,221,221,99,1317,62,1317
pytest-dev/pytest-mock,Python,147,147,11,1858,39,1858
pytest-dev/pytest-qt,Python,70,70,42,410,38,410
pytest-dev/pytest-xdist,Python,232,232,273,1493,54,1493
python-attrs/cattrs,Python,113,113,77,828,20,828
python-control/python-control,Python,428,428,70,1720,66,1720
python-gitlab/python-gitlab,Python,654,654,113,2264,53,2264
python-odin/odin,Python,12,12,11,38,3,38
python-poetry/poetry-core,Python,251,251,26,442,15,442
python-social-auth/social-core,Python,544,544,83,849,27,849
python-telegram-bot/python-telegram-bot,Python,5354,5354,29,26383,601,26383
python/pythondotorg,Python,604,604,184,1518,126,1518
pytorch/text,Python,811,811,332,3518,311,3518
pytorch/vision,Python,6965,6965,1053,16303,438,16303
pytroll/python-geotiepoints,Python,20,20,4,29,9,29
pytroll/pytroll-collectors,Python,19,19,25,3,9,3
pyudev/pyudev,Python,50,50,51,166,9,166
pyvisa/pyvisa-py,Python,124,124,118,288,26,288
p/pubfiles,Ruby,1,1,1,3,2,3
qgiscloud/qgis-cloud-plugin,Python,13,13,6,18,7,18
qguv/config,Python,0,0,0,3,2,3
qianqians/abelkhan,Python,44,44,0,133,33,133
QISKit/qiskit-sdk-py,Python,2379,2379,1016,5299,220,5299
quantumlib/Cirq,Python,1021,1021,278,4293,193,4293
QubesOS/qubes-core-admin,Python,108,108,18,125,20,125
qutip/qutip-benchmark,Python,9,9,7,5,12,5
r0x0r/pywebview,Python,555,555,19,4780,63,4780
r1chardj0n3s/pip-check-reqs,Python,29,29,24,126,8,126
radio-astro-tools/spectral-cube,Python,65,65,204,98,14,98
raohmaru/CFC,Python,0,0,1,1,2,1
Rapptz/RoboDanny,Python,255,255,10,808,30,808
rapydo/do,Python,4,4,13,9,3,9
rasa/scoops,Python,15,15,8,81,7,81
ray-project/ray,Python,5803,5803,4244,34159,477,34159
razorpay/razorpay-python,Python,82,82,64,154,181,154
rcriii42/DHLLDV,Python,7,7,11,9,1,9
rdo-infra/ci-config,Python,11,11,3,8,7,8
ReactiveX/RxPY,Python,361,361,48,4805,104,4805
reahl/reahl,Python,7,7,36,131,7,131
reanahub/reana-client,Python,46,46,39,10,14,10
reclosedev/requests-cache,Python,143,143,35,1337,16,1337
recurly/recurly-client-python,Python,78,78,17,92,71,92
redcap-tools/PyCap,Python,80,80,8,171,18,171
redhat-cip/dci-control-server,Python,12,12,9,18,26,18
RedHatInsights/insights-core,Python,183,183,140,153,40,153
redis/redis-py,Python,2526,2526,271,12685,328,12685
regardscitoyens/twitter-parlementaires,Python,4,4,0,42,14,42
reingart/pyafipws,Python,229,229,37,291,57,291
relekang/python-semantic-release,Python,249,249,76,832,6,832
respawner/peering-manager,Python,93,93,32,489,36,489
reviewboard/ReviewBot,Python,34,34,2,135,17,135
Rfam/rfam-production,Python,3,3,58,5,5,5
rfrail3/tuptime,Python,40,40,2,289,16,289
RiiConnect24/File-Maker,Python,25,25,0,68,10,68
RIOT-OS/murdock-scripts,Python,8,8,3,2,28,2
RIPE-NCC/ripe-atlas-tools,Python,48,48,12,184,25,184
riscv/riscv-opcodes,Python,304,304,50,698,84,698
RNAcentral/rnacentral-import-pipeline,Python,1,1,58,2,5,2
RNAcentral/rnacentral-webcode,Python,10,10,117,32,5,32
robbievanleeuwen/section-properties,Python,94,94,4,430,31,430
robotframework/robotframework,Python,2343,2343,301,9936,488,9936
RobotWebTools/rosbridge_suite,Python,519,519,27,924,47,924
rocky/python-uncompyle6,Python,410,410,40,3816,79,3816
rokujyouhitoma/tips,Python,1,1,0,0,1,0
romgar/django-dirtyfields,Python,111,111,14,631,12,631
rookiepeng/UDP-QT,Python,15,15,1,64,3,64
ros2/ci,Python,30,30,30,48,25,48
ros2/launch,Python,144,144,116,126,26,126
ros2/rclpy,Python,227,227,131,309,28,309
rpm-software-management/mock,Python,234,234,118,384,23,384
RudolfCardinal/pythonlib,Python,5,5,2,11,4,11
rwightman/pytorch-image-models,Python,4763,4763,67,32375,312,32375
ryankanno/cookiecutter-py,Python,1,1,2,3,4,3
s390guy/SATK,Python,6,6,8,42,14,42
s3tools/s3cmd,Python,905,905,303,4603,107,4603
SALib/SALib,Python,238,238,53,888,18,888
sanger-pathogens/gubbins,Python,51,51,8,175,11,175
SanPen/GridCal,MATLAB,94,94,12,421,33,421
SasView/sasview,Python,41,41,476,52,30,52
scalyr/scalyr-agent-2,Python,56,56,54,70,17,70
scikit-build/ninja-python-distributions,Python,16,16,8,62,14,62
scikit-hep/scikit-hep,Python,35,35,3,163,13,163
scikit-learn/scikit-learn,Python,25424,25424,2057,60240,2141,60240
scikit-rf/scikit-rf,Python,288,288,39,728,56,728
scitokens/scitokens,Python,22,22,27,7,8,7
SciTools/cartopy,Python,367,367,311,1436,54,1436
scopatz/regolith,Python,71,71,279,15,6,15
scVENUS/PeekabooAV,Python,20,20,21,66,13,66
scylladb/scylla-cluster-tests,Python,95,95,350,58,23,58
sdispater/pendulum,Python,386,386,267,6271,70,6271
sdss/marvin,Python,32,32,104,56,10,56
sebp/scikit-survival,Python,216,216,31,1140,23,1140
sffjunkie/astral,Python,47,47,53,242,12,242
shadowjohn/UCL_LIU,Python,17,17,3,85,10,85
shahinism/python-negar,Python,9,9,1,38,3,38
shaise/FreeCAD_FastenersWB,Python,86,86,62,287,23,287
shaise/FreeCAD_SheetMetal,Python,58,58,91,204,13,204
shawnbrown/gpn,Python,0,0,0,1,1,1
shlomif/PySolFC,Python,106,106,96,465,31,465
SHTOOLS/SHTOOLS,Python,108,108,28,371,18,371
sibis-platform/ncanda-data-integration,Python,10,10,86,4,7,4
sibis-platform/sibispy,Python,2,2,17,4,6,4
skyfielders/python-skyfield,Python,214,214,101,1433,56,1433
sloria/webargs,Python,158,158,6,1380,22,1380
smarthomeNG/smarthome,Python,91,91,19,122,29,122
SmileyChris/django-countries,Python,291,291,29,1442,21,1442
smkent/safeway-coupons,Python,17,17,13,59,13,59
snarfed/oauth-dropins,Python,11,11,2,36,9,36
sofaworks/nosleepautobot,Python,4,4,7,7,6,7
softlayer/softlayer-python,Python,194,194,22,152,40,152
SoftwareHeritage/swh-storage,Python,0,0,0,6,4,6
Som-Energia/somenergia-generationkwh,Python,0,0,7,2,16,2
sony/nnabla,Python,334,334,35,2728,154,2728
spaam/svtplay-dl,Python,123,123,379,730,34,730
spanezz/egt,Python,2,2,0,11,5,11
SPARLab/BikeMaps,Python,15,15,14,27,7,27
spdx/tools-python,Python,134,134,74,190,25,190
sphinx-contrib/spelling,Python,47,47,18,83,4,83
sphinx-gallery/sphinx-gallery,Python,203,203,118,418,16,418
Splawik/pytigon,Python,1,1,2,7,6,7
splunk/splunk-sdk-python,Python,370,370,46,699,104,699
sqall01/alertR,Python,60,60,1,316,44,316
sqlalchemy/sqlalchemy,Python,1444,1444,240,9718,103,9718
srvanrell/ranking-table-tennis,Python,2,2,3,0,3,0
srz-zumix/wandbox-api,Python,2,2,4,11,3,11
st-tech/zr-obp,Python,88,88,30,646,88,646
StackStorm/st2,Python,746,746,588,6095,168,6095
stamparm/maltrail,Python,1090,1090,75,6580,229,6580
stb-tester/stb-tester,Python,99,99,28,184,39,184
StellarCN/py-stellar-base,Python,173,173,2,348,34,348
StevenBlack/hosts,Python,2235,2235,86,26994,575,26994
stratis-storage/stratis-cli,Python,20,20,19,106,17,106
streamlink/streamlink,Python,1118,1118,63,10115,211,10115
stripe/stripe-python,Python,432,432,16,1694,41,1694
studybuffalo/studybuffalo,Python,0,0,33,2,1,2
SuadeLabs/fire,Python,44,44,16,72,24,72
SublimeText-Markdown/MarkdownEditing,Python,645,645,42,3193,96,3193
SublimeText/PackageDev,Python,84,84,22,437,33,437
substrait-io/substrait,Python,160,160,71,1211,41,1211
suever/MATL-Online,Python,3,3,13,6,2,6
sukeesh/Jarvis,Python,1040,1040,101,3026,126,3026
sungju/pycrashext,Python,10,10,1,20,8,20
superdesk/superdesk-core,Python,83,83,6,29,21,29
syncom/twitbot-iwpt,Python,1,1,1,1,4,1
Synss/python-mbedtls,Python,28,28,2,81,7,81
sysadmws/sysadmws-utils,Python,5,5,1,1,5,1
sztanko/solsticestreets,Python,8,8,3,17,4,17
Taapat/enigma2-plugin-youtube,Python,38,38,29,35,16,35
tabatkins/bikeshed-data,Python,5,5,0,3,3,3
tadams42/sokoenginepy,Python,1,1,0,3,4,3
tallforasmurf/PPQT2,Python,1,1,11,7,3,7
tdene/synth_opt_adders,Python,8,8,15,55,8,55
teamclairvoyant/airflow-maintenance-dags,Python,394,394,28,1683,87,1683
teampheenix/StarCraft-Casting-Tool,Python,8,8,0,29,2,29
telefonicaid/orchestrator,Python,5,5,12,5,11,5
tenable/pyTenable,Python,175,175,13,355,46,355
tensorflow/addons,Python,611,611,92,1694,57,1694
tensorflow/agents,Python,720,720,200,2806,80,2806
tensorflow/compression,Python,252,252,10,861,46,861
tensorflow/data-validation,Python,174,174,39,765,49,765
tensorflow/datasets,Python,1551,1551,1383,4320,110,4320
tensorflow/decision-forests,Python,110,110,40,663,24,663
tensorflow/dtensor-gcp-examples,Python,4,4,1,17,5,17
tensorflow/federated,Python,581,581,266,2322,72,2322
tensorflow/gnn,Python,180,180,35,1369,36,1369
tensorflow/hub,Python,1665,1665,13,3487,155,3487
tensorflow/model-analysis,Python,281,281,38,1257,68,1257
tensorflow/model-card-toolkit,Python,85,85,9,427,20,427
tensorflow/model-optimization,Python,323,323,229,1496,119,1496
tensorflow/model-remediation,Python,20,20,7,43,15,43
tensorflow/privacy,Python,452,452,125,1947,60,1947
tensorflow/ranking,Python,476,476,91,2743,97,2743
tensorflow/recommenders,Python,279,279,269,1852,50,1852
tensorflow/similarity,Python,104,104,70,1013,29,1013
tensorflow/transform,Python,215,215,39,987,58,987
Terradue/doc-tep-geohazards,Python,30,30,1,19,17,19
TerryHowe/ansible-modules-hashivault,Python,158,158,38,454,15,454
terzeron/FeedMakerApplications,Python,1,1,5,1,3,1
terzeron/FeedMaker,Python,1,1,11,2,3,2
tethysplatform/tethys,Python,51,51,86,94,22,94
texta-tk/texta,Python,8,8,2,34,6,34
the-it/WS_THEbotIT,Python,0,0,18,2,2,2
the-mace/evtools,Python,7,7,1,40,10,40
TheAlgorithms/Python,Python,45798,45798,372,194645,5944,194645
TheDuckCow/MCprep,Python,24,24,70,287,12,287
theislab/scanpy,Python,603,603,589,1928,51,1928
theolind/pymysensors,Python,43,43,8,62,13,62
theonlydude/RandomMetroidSolver,Python,27,27,19,45,11,45
TheReverend403/ricedb,Python,2,2,0,13,5,13
thingsboard/thingsboard-gateway,Python,846,846,104,1758,84,1758
thouska/spotpy,Python,152,152,55,256,23,256
thread/django-lightweight-queue,Python,6,6,10,48,19,48
THU-MIG/yolov10,Python,993,993,255,10007,51,10007
THUDM/CogVideo,Python,883,883,78,9368,123,9368
thumbor/thumbor-plugins,Python,20,20,7,34,24,34
tiangolo/uwsgi-nginx-flask-docker,Python,608,608,2,2992,57,2992
timcera/tsgettoolbox,Python,3,3,5,18,4,18
Tinkerforge/brickv,Python,21,21,2,19,13,19
tjcsl/ion,Python,91,91,95,100,14,100
tobi-wan-kenobi/bumblebee-status,Python,228,228,7,1233,18,1233
tomamic/fondinfo,Python,19,19,1,10,8,10
tomcatmanager/tomcatmanager,Python,33,33,6,115,7,115
toms3t/Propalyzer,Python,27,27,8,68,6,68
tomswartz07/SpaceLaunchSlackBot,Python,1,1,0,4,1,4
tony/django-docutils,Python,2,2,5,11,2,11
tony/libvcs,Python,12,12,48,52,5,52
tony/vcspull,Python,13,13,45,206,7,206
torchbox/wagtailmedia,Python,70,70,20,232,18,232
tox-dev/tox,Python,523,523,124,3702,43,3702
TravelModellingGroup/TMGToolbox,Python,17,17,3,34,16,34
Tribler/tribler,Python,451,451,104,4855,145,4855
tryton/account,Python,12,12,1,4,3,4
tryton/account_invoice,Python,11,11,0,1,4,1
tryton/purchase,Python,5,5,0,0,3,0
tryton/purchase,Python,5,5,0,0,3,0
tryton/stock,Python,18,18,0,9,6,9
tseliot/ubuntu-drivers-common,Python,38,38,25,41,36,41
ttu/ruuvitag-sensor,Python,79,79,13,198,19,198
tum-pbs/PhiFlow,Python,192,192,12,1490,26,1490
tundish/turberfield-dialogue,Python,0,0,0,0,3,0
tutorcruncher/morpheus,Python,3,3,7,16,4,16
twilio/twilio-python,Python,713,713,34,1860,124,1860
txerpa/dj-tximmutability,Python,1,1,1,5,3,5
tylert/freq-lists,Python,0,0,0,13,3,13
tylert/wall-calendar-core,Go,1,1,0,1,3,1
uccser/cs-unplugged,Python,32,32,125,198,18,198
uccser/cs4teachers,Python,5,5,81,6,6,6
uclapi/uclapi,Python,19,19,74,43,7,43
udapi/udapi-python,Python,31,31,9,57,7,57
UKPLab/sentence-transformers,Python,2494,2494,1194,15416,142,15416
ul-fmf/projekt-tomo,Python,23,23,33,14,12,14
Ultimaker/Uranium,Python,185,185,37,327,43,327
Unidata/cftime,Python,39,39,16,76,13,76
Unidata/MetPy,Python,415,415,354,1263,60,1263
Unidata/siphon,Python,75,75,92,216,27,216
unitedstates/congress-legislators,Python,507,507,76,2077,163,2077
unitedstates/contact-congress,Python,212,212,20,632,57,632
UrLab/beta402,Python,14,14,33,46,11,46
UrLab/DocHub,Python,14,14,33,46,11,46
usegalaxy-eu/usegalaxy-eu-tools,Python,127,127,35,26,11,26
uw-it-aca/canvas-sis-provisioner,Python,0,0,0,0,14,0
valohai/valohai-cli,Python,8,8,20,14,10,14
Vector35/community-plugins,Python,42,42,1,479,29,479
veltzer/scrapers,Python,7,7,0,26,7,26
venth/aws-adfs,Python,101,101,39,288,11,288
vertelab/odoo-payroll,Python,15,15,2,14,7,14
vgrem/Office365-REST-Python-Client,Python,336,336,251,1347,36,1347
victronenergy/dbus-systemcalc-py,Python,16,16,2,8,10,8
vilemnovak/blendercam,G-code,118,118,6,483,51,483
vilisimo/ads,Python,0,0,0,0,1,0
virt-manager/virt-manager,Python,447,447,52,2435,78,2435
vitalik/django-ninja,Python,437,437,363,7334,70,7334
vokimon/apunts,Python,0,0,0,0,3,0
vortex-exoplanet/VIP,Python,58,58,8,70,19,70
vrk-kpa/ckanext-xroad_integration,Python,2,2,0,0,25,0
vyos/vyos-1x,Python,336,336,16,421,28,421
warwick-one-metre/opsd,Python,0,0,0,1,7,1
warwick-one-metre/pipelined,Python,0,0,0,1,7,1
wavesaudio/instl,Python,7,7,1,10,9,10
webcomics/dosage,Python,59,59,34,125,13,125
weblyzard/inscriptis,Python,28,28,4,278,11,278
weblyzard/weblyzard_api,Python,2,2,0,11,10,11
wee-slack/wee-slack,Python,225,225,99,2529,42,2529
weewx/weewx,Python,298,298,15,1018,97,1018
westpa/westpa,Python,55,55,27,194,24,194
wevote/WeVoteServer,Python,473,473,9,50,22,50
WhiteMagic/JoystickGremlin,Python,46,46,215,325,17,325
whitews/FlowIO,Python,18,18,1,40,5,40
whitews/FlowUtils,Python,8,8,1,14,4,14
wikimedia/integration-config,Python,0,0,0,0,22,0
wikimedia/pywikibot-core,Python,194,194,0,633,49,633
williamjacksn/python-rainwave-client,Python,1,1,1,6,3,6
williballenthin/viv-utils,Python,12,12,9,23,6,23
wjassim/WARP-Q,Python,9,9,0,34,3,34
WLUG/meetings,Python,0,0,0,1,6,1
wolfmanjm/kivy-smoothie-host,Python,13,13,2,61,12,61
WoLpH/python-utils,Python,38,38,0,92,11,92
wong2/pick,Python,63,63,16,734,15,734
workhorsy/py-cpuinfo,Python,59,59,48,314,11,314
xArm-Developer/xArm-Python-SDK,Python,112,112,45,180,16,180
xcat2/confluent,Python,45,45,5,36,30,36
xenserver/python-libs,Python,11,11,10,1,12,1
xia2/xia2,Python,15,15,60,19,10,19
xsuchy/distribution-gpg-keys,Python,41,41,5,29,6,29
xvitaly/wloc,Python,3,3,1,6,6,6
yeatmanlab/pyAFQ,Python,33,33,121,57,12,57
Yubico/yubikey-manager,Python,126,126,39,882,60,882
YunoHost/yunohost,Python,283,283,59,2142,69,2142
yuttie/hydrangea-vim,Python,21,21,2,143,4,143
zapbot/zap-mgmt-scripts,Python,15,15,1,21,8,21
zarr-developers/zarr-python,Python,286,286,332,1534,44,1534
zerothi/sids,Python,60,60,105,201,17,201
zerothi/sisl,Python,60,60,105,201,17,201
zhanglintc/auto-commit,Python,0,0,1,0,1,0
zhmcclient/python-zhmcclient,Python,26,26,25,39,9,39
zingale/pyreaclib,Python,34,34,71,56,4,56
zostera/django-bootstrap4,Python,263,263,23,1028,37,1028
zsiki/ulyxes,Python,12,12,15,15,4,15
zstackio/zstack-utility,Python,80,80,37,62,19,62
zulip/zulip,Python,7912,7912,2444,21688,375,21688
zynthian/zynthian-ui,Python,65,65,1,165,16,165
zynthian/zynthian-webconf,Python,24,24,4,18,7,18
